quote,category
"Life is a journey, not a race","life"
"Grow through what you go through","life"
"Every day is a new beginning","life"
"Small steps create big changes","life"
"Life rewards those who stay patient","life"
"Find joy in simple things","life"
"Life teaches in silence","life"
"Be the reason you smile today","life"
"Time shapes who we become","life"
"Life blooms where you nurture it","life"
"Choose peace over chaos","life"
"Your story is still unfolding","life"
"Life shines through gratitude","life"
"Keep moving forward always","life"
"Embrace change with courage","life"
"Life begins outside comfort zones","life"
"Every moment matters","life"
"Create meaning in your days","life"
"Life listens to your actions","life"
"Be alive in every breath","life"
"Life grows with patience","life"
"Moments make memories","life"
"Life is full of lessons","life"
"Stay true to yourself","life"
"Life thrives on balance","life"
"Peace begins within","life"
"Life flows like water","life"
"Chase meaningful moments","life"
"Life is shaped by choices","life"
"Kindness colors life","life"
"Life expands with courage","life"
"Stay present always","life"
"Life rewards persistence","life"
"Make today count","life"
"Life loves simplicity","life"
"Live with purpose daily","life"
"Life evolves constantly","life"
"Growth defines life","life"
"Life is your canvas","life"
"Write your own story","life"
"Life finds a way","life"
"Stay curious in life","life"
"Life thrives on hope","life"
"Keep life positive","life"
"Life needs patience","life"
"Enjoy the little things","life"
"Life builds resilience","life"
"Life is about becoming","life"
"Stay grounded in life","life"
"Life is ever-changing","life"
"Life values effort","life"
"Be mindful in life","life"
"Life blooms slowly","life"
"Live deeply every day","life"
"Life rewards bravery","life"
"Stay calm in chaos","life"
"Life teaches humility","life"
"Trust life’s process","life"
"Life is full of chances","life"
"Life embraces growth","life"
"Keep learning in life","life"
"Life needs courage","life"
"Life finds balance","life"
"Stay hopeful always","life"
"Life is about progress","life"
"Life inspires change","life"
"Life flows forward","life"
"Live simply always","life"
"Life thrives on action","life"
"Stay focused on life","life"
"Life is unpredictable","life"
"Life teaches patience","life"
"Life requires effort","life"
"Stay kind always","life"
"Life is what you build","life"
"Life is worth living","life"
"Life rewards consistency","life"
"Stay positive daily","life"
"Life is your journey","life"
"Life shapes destiny","life"
"Life grows through effort","life"
"Life encourages growth","life"
"Life seeks balance","life"
"Stay inspired in life","life"
"Life is about learning","life"
"Life requires faith","life"
"Life blooms with love","life"
"Stay present in life","life"
"Life is full of beauty","life"
"Life thrives on courage","life"
"Life teaches strength","life"
"Life needs direction","life"
"Life encourages kindness","life"
"Stay resilient always","life"
"Life is about moments","life"
"Life evolves with time","life"
"Life inspires action","life"
"Life demands growth","life"
"Life rewards effort","life"

"Love grows with understanding","love"
"True love needs no perfection","love"
"Love heals broken hearts","love"
"Kindness is love in action","love"
"Love listens without judgment","love"
"Love shines in small gestures","love"
"Real love stands through storms","love"
"Love gives without counting","love"
"Hearts connect beyond distance","love"
"Love builds trust over time","love"
"Love is felt, not forced","love"
"Love speaks through care","love"
"Pure love brings calm","love"
"Love strengthens the soul","love"
"Love sees beyond flaws","love"
"Love creates lasting bonds","love"
"Gentle love lasts longest","love"
"Love inspires better days","love"
"Love is a shared journey","love"
"Love makes life beautiful","love"
"Love grows through patience","love"
"Love thrives on trust","love"
"Love needs honesty","love"
"Love values effort","love"
"Love builds slowly","love"
"Love feels like home","love"
"Love brings comfort","love"
"Love requires courage","love"
"Love encourages growth","love"
"Love is always kind","love"
"Love needs time","love"
"Love nurtures souls","love"
"Love stays strong","love"
"Love inspires hope","love"
"Love creates peace","love"
"Love teaches patience","love"
"Love brings happiness","love"
"Love needs care","love"
"Love is understanding","love"
"Love creates harmony","love"
"Love connects hearts","love"
"Love is powerful","love"
"Love needs effort","love"
"Love brings joy","love"
"Love is pure energy","love"
"Love grows daily","love"
"Love needs respect","love"
"Love is unconditional","love"
"Love gives strength","love"
"Love needs trust","love"
"Love creates unity","love"
"Love inspires change","love"
"Love feels natural","love"
"Love builds bridges","love"
"Love creates smiles","love"
"Love is endless","love"
"Love builds connection","love"
"Love grows stronger","love"
"Love nurtures growth","love"
"Love heals deeply","love"
"Love is timeless","love"
"Love gives meaning","love"
"Love needs balance","love"
"Love inspires life","love"
"Love is patient","love"
"Love grows quietly","love"
"Love builds dreams","love"
"Love encourages kindness","love"
"Love is powerful force","love"
"Love stays forever","love"
"Love inspires trust","love"
"Love needs honesty","love"
"Love brings light","love"
"Love creates warmth","love"
"Love is a journey","love"
"Love builds trust","love"
"Love is gentle","love"
"Love brings peace","love"
"Love shapes hearts","love"
"Love grows stronger daily","love"
"Love inspires unity","love"
"Love is deep","love"
"Love builds life","love"
"Love is infinite","love"
"Love brings hope","love"
"Love nurtures peace","love"
"Love needs patience","love"
"Love is selfless","love"
"Love creates magic","love"
"Love brings clarity","love"
"Love is sincere","love"
"Love grows endlessly","love"
"Love heals all","love"
"Love is bright","love"
"Love builds happiness","love"
"Love is constant","love"
"Love supports growth","love"
"Love builds strength","love"
"Love inspires joy","love"
"Love creates beauty","love"

"Success starts with belief","success"
"Hard work beats excuses","success"
"Dreams demand discipline","success"
"Success grows from persistence","success"
"Focus fuels achievement","success"
"Effort shapes your future","success"
"Winners never stop trying","success"
"Success loves preparation","success"
"Stay hungry for growth","success"
"Action turns dreams real","success"
"Success follows consistency","success"
"Learn, improve, repeat","success"
"Determination breaks barriers","success"
"Success requires patience","success"
"Keep climbing higher","success"
"Results come from effort","success"
"Success is built daily","success"
"Push until it happens","success"
"Greatness takes time","success"
"Work silently, shine loudly","success"
"Success needs focus","success"
"Success rewards effort","success"
"Success builds character","success"
"Success requires discipline","success"
"Success comes with persistence","success"
"Success grows daily","success"
"Success needs patience","success"
"Success loves action","success"
"Success is earned","success"
"Success demands effort","success"
"Success takes courage","success"
"Success builds strength","success"
"Success rewards consistency","success"
"Success requires belief","success"
"Success needs hard work","success"
"Success follows action","success"
"Success grows stronger","success"
"Success needs clarity","success"
"Success takes time","success"
"Success rewards discipline","success"
"Success needs resilience","success"
"Success grows through failure","success"
"Success requires focus","success"
"Success needs persistence","success"
"Success comes with growth","success"
"Success builds momentum","success"
"Success requires patience","success"
"Success rewards action","success"
"Success builds habits","success"
"Success needs consistency","success"
"Success thrives on effort","success"
"Success takes dedication","success"
"Success builds dreams","success"
"Success requires learning","success"
"Success grows steadily","success"
"Success needs strategy","success"
"Success rewards planning","success"
"Success takes discipline","success"
"Success grows with effort","success"
"Success needs courage","success"
"Success requires persistence","success"
"Success builds confidence","success"
"Success needs determination","success"
"Success thrives daily","success"
"Success takes action","success"
"Success grows from failure","success"
"Success requires belief","success"
"Success rewards patience","success"
"Success needs learning","success"
"Success takes focus","success"
"Success builds resilience","success"
"Success grows with time","success"
"Success needs strength","success"
"Success rewards courage","success"
"Success takes effort","success"
"Success requires vision","success"
"Success grows through work","success"
"Success needs passion","success"
"Success rewards persistence","success"
"Success takes planning","success"
"Success builds results","success"
"Success requires clarity","success"
"Success grows through action","success"
"Success needs goals","success"
"Success rewards focus","success"
"Success takes belief","success"
"Success builds habits","success"
"Success requires consistency","success"
"Success grows daily","success"
"Success needs patience","success"
"Success rewards effort","success"
"Success takes resilience","success"
"Success builds strength","success"
"Success requires growth","success"
"Success grows endlessly","success"
"Success needs vision","success"
"Success rewards discipline","success"
"Success takes persistence","success"